index,date,word,par
0,2025-08-14,pick,5
1,2025-08-15,dawn,5
2,2025-08-16,opts,6
3,2025-08-17,pics,6
4,2025-08-18,jive,6
5,2025-08-19,hale,5
6,2025-08-20,near,5
7,2025-08-21,avid,7
8,2025-08-22,neat,5
9,2025-08-23,farm,6
10,2025-08-24,fare,5
11,2025-08-25,opus,7
12,2025-08-26,sake,5
13,2025-08-27,wind,6
14,2025-08-28,half,5
15,2025-08-29,wine,6
16,2025-08-30,year,5
17,2025-08-31,thug,8
18,2025-09-01,yeah,6
19,2025-09-02,wing,7
20,2025-09-03,fart,5
21,2025-09-04,size,6
22,2025-09-05,wink,6
23,2025-09-06,halo,5
24,2025-09-07,much,6
25,2025-09-08,lint,5
26,2025-09-09,muck,5
27,2025-09-10,dyes,5
28,2025-09-11,thus,7
29,2025-09-12,wins,6
30,2025-09-13,pies,5
31,2025-09-14,arch,9
32,2025-09-15,pier,5
33,2025-09-16,fate,6
34,2025-09-17,blue,5
35,2025-09-18,aces,8
36,2025-09-19,days,5
37,2025-09-20,toes,5
38,2025-09-21,buff,6
39,2025-09-22,turn,5
40,2025-09-23,spin,6
41,2025-09-24,hand,5
42,2025-09-25,turf,6
43,2025-09-26,hang,5
44,2025-09-27,spit,5
45,2025-09-28,dual,5
46,2025-09-29,airy,7
47,2025-09-30,fats,5
48,2025-10-01,arcs,8
49,2025-10-02,sale,5
50,2025-10-03,airs,6
51,2025-10-04,gale,5
52,2025-10-05,pans,5
53,2025-10-06,neck,5
54,2025-10-07,wipe,5
55,2025-10-08,fave,6
56,2025-10-09,salt,5
57,2025-10-10,area,8
58,2025-10-11,daze,5
59,2025-10-12,nine,6
60,2025-10-13,sets,5
61,2025-10-14,jerk,6
62,2025-10-15,blur,5
63,2025-10-16,duck,5
64,2025-10-17,gong,5
65,2025-10-18,sang,6
66,2025-10-19,fast,5
67,2025-10-20,stud,6
68,2025-10-21,hams,5
69,2025-10-22,stub,6
70,2025-10-23,sand,6
71,2025-10-24,pigs,5
72,2025-10-25,owed,8
73,2025-10-26,lacy,5
74,2025-10-27,acid,7
75,2025-10-28,wise,5
76,2025-10-29,owes,8
77,2025-10-30,lite,5
78,2025-10-31,gone,5
79,2025-11-01,sewn,5
80,2025-11-02,stun,6
81,2025-11-03,need,5
82,2025-11-04,hard,6
83,2025-11-05,wish,5
84,2025-11-06,pear,5
85,2025-11-07,sane,5
86,2025-11-08,lend,6
87,2025-11-09,guys,5
88,2025-11-10,scum,6
89,2025-11-11,wire,5
90,2025-11-12,harm,6
91,2025-11-13,mugs,5
92,2025-11-14,nips,6
93,2025-11-15,sank,5
94,2025-11-16,lens,6
95,2025-11-17,lace,5
96,2025-11-18,ride,6
97,2025-11-19,cozy,5
98,2025-11-20,duct,6
99,2025-11-21,sans,5
100,2025-11-22,wade,6
101,2025-11-23,flex,5
102,2025-11-24,jail,5
103,2025-11-25,ouch,7
104,2025-11-26,faux,6
105,2025-11-27,well,5
106,2025-11-28,hare,5
107,2025-11-29,lady,6
108,2025-11-30,live,5
109,2025-12-01,dude,6
110,2025-12-02,harp,5
111,2025-12-03,fawn,6
112,2025-12-04,peas,5
113,2025-12-05,rice,6
114,2025-12-06,duel,5
115,2025-12-07,wage,6
116,2025-12-08,jets,5
117,2025-12-09,apes,7
118,2025-12-10,hart,5
119,2025-12-11,with,6
120,2025-12-12,hate,6
121,2025-12-13,lent,5
122,2025-12-14,odds,7
123,2025-12-15,dues,5
124,2025-12-16,sash,6
125,2025-12-17,weld,5
126,2025-12-18,myth,6
127,2025-12-19,peak,5
128,2025-12-20,rife,6
129,2025-12-21,ribs,5
130,2025-12-22,aria,7
131,2025-12-23,wits,5
132,2025-12-24,riff,6
133,2025-12-25,welt,5
134,2025-12-26,arid,6
135,2025-12-27,sass,5
136,2025-12-28,duet,6
137,2025-12-29,gory,5
138,2025-12-30,hash,6
139,2025-12-31,rich,6
140,2026-01-01,bulk,5
141,2026-01-02,byte,6
142,2026-01-03,jest,5
143,2026-01-04,giga,6
144,2026-01-05,mule,5
145,2026-01-06,peck,5
146,2026-01-07,gift,5
147,2026-01-08,even,8
148,2026-01-09,bulb,5
149,2026-01-10,went,6
150,2026-01-11,hats,5
151,2026-01-12,apex,7
152,2026-01-13,gosh,5
153,2026-01-14,ever,8
154,2026-01-15,shag,5
155,2026-01-16,buns,5
156,2026-01-17,eggs,5
157,2026-01-18,rote,5
158,2026-01-19,jams,5
159,2026-01-20,have,6
160,2026-01-21,rosy,5
161,2026-01-22,owls,8
162,2026-01-23,rigs,5
163,2026-01-24,pink,6
164,2026-01-25,cite,5
165,2026-01-26,ping,6
166,2026-01-27,atom,5
167,2026-01-28,pint,6
168,2026-01-29,pine,5
169,2026-01-30,quad,8
170,2026-01-31,save,5
171,2026-02-01,wait,6
172,2026-02-02,pins,5
173,2026-02-03,writ,6
174,2026-02-04,sham,5
175,2026-02-05,rift,5
176,2026-02-06,buoy,6
177,2026-02-07,etch,9
178,2026-02-08,gigs,5
179,2026-02-09,wept,6
180,2026-02-10,haul,5
181,2026-02-11,quay,9
182,2026-02-12,laid,5
183,2026-02-13,cell,5
184,2026-02-14,city,6
185,2026-02-15,tics,6
186,2026-02-16,lair,5
187,2026-02-17,anew,7
188,2026-02-18,goth,5
189,2026-02-19,army,8
190,2026-02-20,cafe,5
191,2026-02-21,alas,8
192,2026-02-22,rear,5
193,2026-02-23,reap,6
194,2026-02-24,pegs,5
195,2026-02-25,mode,5
196,2026-02-26,west,5
197,2026-02-27,owns,9
198,2026-02-28,arms,7
199,2026-03-01,rove,5
200,2026-03-02,duke,5
201,2026-03-03,pong,5
202,2026-03-04,jars,6
203,2026-03-05,saws,5
204,2026-03-06,lake,6
205,2026-03-07,wake,5
206,2026-03-08,unit,6
207,2026-03-09,spun,5
208,2026-03-10,cent,6
209,2026-03-11,tide,5
210,2026-03-12,real,6
211,2026-03-13,shed,5
212,2026-03-14,yelp,6
213,2026-03-15,fuel,5
214,2026-03-16,tick,5
215,2026-03-17,swab,5
216,2026-03-18,ties,6
217,2026-03-19,cage,5
218,2026-03-20,haze,6
219,2026-03-21,yell,5
220,2026-03-22,land,6
221,2026-03-23,were,5
222,2026-03-24,tier,6
223,2026-03-25,gear,5
224,2026-03-26,lane,6
225,2026-03-27,hawk,5
226,2026-03-28,hazy,7
227,2026-03-29,swag,5
228,2026-03-30,mush,6
229,2026-03-31,read,5
230,2026-04-01,muse,6
231,2026-04-02,swat,5
232,2026-04-03,levy,8
233,2026-04-04,swan,5
234,2026-04-05,burl,5
235,2026-04-06,bust,5
236,2026-04-07,busy,6
237,2026-04-08,swam,5
238,2026-04-09,lame,5
239,2026-04-10,ream,5
240,2026-04-11,tidy,6
241,2026-04-12,gilt,5
242,2026-04-13,bush,6
243,2026-04-14,sway,5
244,2026-04-15,java,7
245,2026-04-16,void,5
246,2026-04-17,ales,8
247,2026-04-18,bury,5
248,2026-04-19,pact,6
249,2026-04-20,flux,5
250,2026-04-21,rind,6
251,2026-04-22,burr,5
252,2026-04-23,mutt,6
253,2026-04-24,says,5
254,2026-04-25,nerd,6
255,2026-04-26,crib,5
256,2026-04-27,rink,6
257,2026-04-28,walk,5
258,2026-04-29,ring,7
259,2026-04-30,lamb,5
260,2026-05-01,eels,6
261,2026-05-02,shin,5
262,2026-05-03,each,8
263,2026-05-04,tied,5
264,2026-05-05,quid,7
265,2026-05-06,duly,5
266,2026-05-07,musk,6
267,2026-05-08,pita,6
268,2026-05-09,wand,6
269,2026-05-10,snug,5
270,2026-05-11,dung,6
271,2026-05-12,butt,5
272,2026-05-13,must,5
273,2026-05-14,pity,6
274,2026-05-15,want,6
275,2026-05-16,pits,5
276,2026-05-17,reef,6
277,2026-05-18,geek,5
278,2026-05-19,pack,5
279,2026-05-20,vibe,6
280,2026-05-21,piss,6
281,2026-05-22,shim,5
282,2026-05-23,geez,6
283,2026-05-24,hubs,5
284,2026-05-25,vial,6
285,2026-05-26,mute,6
286,2026-05-27,cake,5
287,2026-05-28,acts,8
288,2026-05-29,dune,5
289,2026-05-30,gray,5
290,2026-05-31,dunk,5
291,2026-06-01,lard,6
292,2026-06-02,muss,5
293,2026-06-03,teas,6
294,2026-06-04,nail,5
295,2026-06-05,mojo,6
296,2026-06-06,reed,5
297,2026-06-07,rips,6
298,2026-06-08,pace,5
299,2026-06-09,apps,8
300,2026-06-10,rims,5
301,2026-06-11,tune,5
302,2026-06-12,such,6
303,2026-06-13,reel,5
304,2026-06-14,suck,5
305,2026-06-15,calm,5
306,2026-06-16,arts,8
307,2026-06-17,tear,5
308,2026-06-18,quiz,7
309,2026-06-19,calf,5
310,2026-06-20,teak,6
311,2026-06-21,ripe,5
312,2026-06-22,vice,6
313,2026-06-23,lark,5
314,2026-06-24,ours,6
315,2026-06-25,kids,5
316,2026-06-26,nana,8
317,2026-06-27,nets,5
318,2026-06-28,late,6
319,2026-06-29,ward,5
320,2026-06-30,dusk,6
321,2026-07-01,ware,5
322,2026-07-02,nano,7
323,2026-07-03,hues,5
324,2026-07-04,view,6
325,2026-07-05,pens,5
326,2026-07-06,jazz,8
327,2026-07-07,pads,5
328,2026-07-08,quit,6
329,2026-07-09,grab,5
330,2026-07-10,wars,6
331,2026-07-11,kick,5
332,2026-07-12,wart,6
333,2026-07-13,jaws,5
334,2026-07-14,fume,6
335,2026-07-15,team,5
336,2026-07-16,warm,6
337,2026-07-17,gran,5
338,2026-07-18,tech,8
339,2026-07-19,teal,5
340,2026-07-20,wash,6
341,2026-07-21,nest,5
342,2026-07-22,wary,6
343,2026-07-23,tile,5
344,2026-07-24,dust,5
345,2026-07-25,huge,6
346,2026-07-26,wham,5
347,2026-07-27,slum,5
348,2026-07-28,warp,5
349,2026-07-29,mono,5
350,2026-07-30,wasp,5
351,2026-07-31,buzz,9
352,2026-08-01,cane,5
353,2026-08-02,huff,6
354,2026-08-03,tilt,5
355,2026-08-04,rein,6
356,2026-08-05,hugs,5
357,2026-08-06,rite,6
358,2026-08-07,sued,5
359,2026-08-08,lava,6
360,2026-08-09,lash,5
361,2026-08-10,name,5
362,2026-08-11,swim,5
363,2026-08-12,vote,5
364,2026-08-13,warn,5
365,2026-08-14,wave,6
366,2026-08-15,page,5
367,2026-08-16,next,6
368,2026-08-17,jays,5
369,2026-08-18,pert,5
370,2026-08-19,sues,5
371,2026-08-20,mice,6
372,2026-08-21,cant,5
373,2026-08-22,ends,7
374,2026-08-23,girl,5
375,2026-08-24,ritz,7
376,2026-08-25,outs,5
377,2026-08-26,tint,6
378,2026-08-27,gels,5
379,2026-08-28,mica,7
380,2026-08-29,cape,5
381,2026-08-30,anon,6
382,2026-08-31,watt,7
383,2026-09-01,naps,5
384,2026-09-02,newt,6
385,2026-09-03,perm,5
386,2026-09-04,rack,5
387,2026-09-05,tins,5
388,2026-09-06,itch,10
389,2026-09-07,gist,5
390,2026-09-08,news,6
391,2026-09-09,hype,5
392,2026-09-10,race,6
393,2026-09-11,fund,5
394,2026-09-12,ahem,8
395,2026-09-13,paid,5
396,2026-09-14,cars,5
397,2026-09-15,risk,6
398,2026-09-16,what,5
399,2026-09-17,duty,6
400,2026-09-18,care,5
401,2026-09-19,fans,5
402,2026-09-20,away,6
403,2026-09-21,pets,5
404,2026-09-22,when,6
405,2026-09-23,yank,5
406,2026-09-24,tray,5
407,2026-09-25,funk,5
408,2026-09-26,yard,6
409,2026-09-27,rise,5
410,2026-09-28,foes,5
411,2026-09-29,pain,5
412,2026-09-30,gage,6
413,2026-10-01,tees,5
414,2026-10-02,iced,8
415,2026-10-03,teen,5
416,2026-10-04,raft,6
417,2026-10-05,pair,5
418,2026-10-06,rent,6
419,2026-10-07,card,5
420,2026-10-08,omen,9
421,2026-10-09,carb,5
422,2026-10-10,gems,6
423,2026-10-11,tips,5
424,2026-10-12,wavy,7
425,2026-10-13,tiny,6
426,2026-10-14,mics,6
427,2026-10-15,lawn,5
428,2026-10-16,dojo,7
429,2026-10-17,cask,5
430,2026-10-18,give,6
431,2026-10-19,pest,5
432,2026-10-20,suit,5
433,2026-10-21,veal,6
434,2026-10-22,cash,5
435,2026-10-23,gene,6
436,2026-10-24,item,6
437,2026-10-25,case,5
438,2026-10-26,ante,8
439,2026-10-27,cyan,5
440,2026-10-28,crux,7
441,2026-10-29,cart,5
442,2026-10-30,fuss,6
443,2026-10-31,fuse,6
444,2026-11-01,kilt,5
445,2026-11-02,pang,6
446,2026-11-03,kilo,5
447,2026-11-04,reps,6
448,2026-11-05,kiln,5
449,2026-11-06,pant,6
450,2026-11-07,vile,5
451,2026-11-08,repo,7
452,2026-11-09,ways,5
453,2026-11-10,ices,9
454,2026-11-11,pane,5
455,2026-11-12,lazy,6
456,2026-11-13,rage,6
457,2026-11-14,tire,5
458,2026-11-15,furs,6
459,2026-11-16,dial,5
460,2026-11-17,ants,7
461,2026-11-18,hoax,5
462,2026-11-19,gain,5
463,2026-11-20,fury,6
464,2026-11-21,jugs,5
465,2026-11-22,anti,8
466,2026-11-23,tabs,5
467,2026-11-24,vine,6
468,2026-11-25,hula,5
469,2026-11-26,whey,6
470,2026-11-27,grid,5
471,2026-11-28,trek,7
472,2026-11-29,furl,5
473,2026-11-30,nave,6
474,2026-12-01,gags,5
475,2026-12-02,zone,5
476,2026-12-03,whew,5
477,2026-12-04,shun,6
478,2026-12-05,lays,5
479,2026-12-06,navy,7
480,2026-12-07,yarn,5
481,2026-12-08,shut,5
482,2026-12-09,dice,5
483,2026-12-10,mead,6
484,2026-12-11,hulk,5
485,2026-12-12,anus,7
486,2026-12-13,grin,5
487,2026-12-14,soak,5
488,2026-12-15,grit,5
489,2026-12-16,lube,6
490,2026-12-17,gnat,5
491,2026-12-18,king,7
492,2026-12-19,rags,5
493,2026-12-20,tack,5
494,2026-12-21,suns,5
495,2026-12-22,kind,6
496,2026-12-23,papa,5
497,2026-12-24,gait,6
498,2026-12-25,whit,5
499,2026-12-26,kink,6
500,2026-12-27,wild,5
501,2026-12-28,cave,5
502,2026-12-29,germ,6
503,2026-12-30,dong,5
504,2026-12-31,tact,6
505,2027-01-01,tits,5
506,2027-01-02,sung,6
507,2027-01-03,whim,5
508,2027-01-04,rail,5
509,2027-01-05,keen,5
510,2027-01-06,taco,6
511,2027-01-07,keel,5
512,2027-01-08,tend,6
513,2027-01-09,hung,5
514,2027-01-10,ease,6
515,2027-01-11,beau,5
516,2027-01-12,tree,6
517,2027-01-13,bean,5
518,2027-01-14,died,5
519,2027-01-15,beam,5
520,2027-01-16,tent,6
521,2027-01-17,raid,5
522,2027-01-18,mech,7
523,2027-01-19,hunt,5
524,2027-01-20,game,5
525,2027-01-21,moth,5
526,2027-01-22,diet,6
527,2027-01-23,rain,5
528,2027-01-24,meal,6
529,2027-01-25,beak,5
530,2027-01-26,adds,6
531,2027-01-27,veer,5
532,2027-01-28,meat,5
533,2027-01-29,gals,5
534,2027-01-30,rake,6
535,2027-01-31,sunk,5
536,2027-02-01,yawn,6
537,2027-02-02,bead,5
538,2027-02-03,hush,6
539,2027-02-04,juke,5
540,2027-02-05,path,6
541,2027-02-06,park,5
542,2027-02-07,rant,6
543,2027-02-08,tens,5
544,2027-02-09,move,5
545,2027-02-10,dies,5
546,2027-02-11,luge,6
547,2027-02-12,chef,5
548,2027-02-13,earl,6
549,2027-02-14,whiz,5
550,2027-02-15,rang,6
551,2027-02-16,gala,5
552,2027-02-17,soda,5
553,2027-02-18,ears,5
554,2027-02-19,pats,5
555,2027-02-20,bike,5
556,2027-02-21,mean,5
557,2027-02-22,hurt,6
558,2027-02-23,part,5
559,2027-02-24,kiss,6
560,2027-02-25,pars,5
561,2027-02-26,veil,7
562,2027-02-27,east,5
563,2027-02-28,mint,6
564,2027-03-01,vein,6
565,2027-03-02,temp,5
566,2027-03-03,eyes,6
567,2027-03-04,bile,5
568,2027-03-05,term,6
569,2027-03-06,rest,5
570,2027-03-07,whoa,7
571,2027-03-08,earn,5
572,2027-03-09,revs,6
573,2027-03-10,meek,5
574,2027-03-11,easy,6
575,2027-03-12,gets,5
576,2027-03-13,folk,5
577,2027-03-14,alum,5
578,2027-03-15,beer,5
579,2027-03-16,cube,5
580,2027-03-17,bees,5
581,2027-03-18,surf,6
582,2027-03-19,meds,5
583,2027-03-20,meet,6
584,2027-03-21,trio,5
585,2027-03-22,sofa,5
586,2027-03-23,fiat,5
587,2027-03-24,past,5
588,2027-03-25,bind,5
589,2027-03-26,mild,5
590,2027-03-27,iris,5
591,2027-03-28,mega,7
592,2027-03-29,pate,5
593,2027-03-30,inch,11
594,2027-03-31,rank,5
595,2027-04-01,visa,7
596,2027-04-02,mime,5
597,2027-04-03,brag,5
598,2027-04-04,sure,5
599,2027-04-05,snag,5
600,2027-04-06,gang,6
601,2027-04-07,been,5
602,2027-04-08,kite,6
603,2027-04-09,beet,5
604,2027-04-10,whom,6
605,2027-04-11,tern,5
606,2027-04-12,fuzz,8
607,2027-04-13,digs,5
608,2027-04-14,vise,6
609,2027-04-15,eats,5
610,2027-04-16,glen,6
611,2027-04-17,mile,5
612,2027-04-18,eyed,6
613,2027-04-19,pass,5
614,2027-04-20,mind,6
615,2027-04-21,beef,5
616,2027-04-22,mini,6
617,2027-04-23,tags,5
618,2027-04-24,mine,6
619,2027-04-25,milk,5
620,2027-04-26,oxen,9
621,2027-04-27,pave,5
622,2027-04-28,deaf,6
623,2027-04-29,kemp,5
624,2027-04-30,dead,6
625,2027-05-01,bran,5
626,2027-05-02,debt,6
627,2027-05-03,glee,5
628,2027-05-04,huts,5
629,2027-05-05,vent,6
630,2027-05-06,junk,5
631,2027-05-07,bray,5
632,2027-05-08,dear,5
633,2027-05-09,nude,6
634,2027-05-10,dean,5
635,2027-05-11,tale,5
636,2027-05-12,gaps,5
637,2027-05-13,grub,6
638,2027-05-14,deal,5
639,2027-05-15,xray,5
640,2027-05-16,kits,5
641,2027-05-17,bird,6
642,2027-05-18,kelp,5
643,2027-05-19,garb,6
644,2027-05-20,rare,5
645,2027-05-21,mink,5
646,2027-05-22,gasp,5
647,2027-05-23,yuck,5
648,2027-05-24,clue,5
649,2027-05-25,pawn,6
650,2027-05-26,talk,5
651,2027-05-27,deco,6
652,2027-05-28,take,5
653,2027-05-29,deck,5
654,2027-05-30,club,6
655,2027-05-31,viva,7
656,2027-06-01,paws,5
657,2027-06-02,zeal,6
658,2027-06-03,cuff,6
659,2027-06-04,tang,6
660,2027-06-05,test,5
661,2027-06-06,oils,7
662,2027-06-07,cues,5
663,2027-06-08,rate,6
664,2027-06-09,dike,5
665,2027-06-10,baby,7
666,2027-06-11,oily,6
667,2027-06-12,rats,5
668,2027-06-13,mace,6
669,2027-06-14,just,5
670,2027-06-15,tank,5
671,2027-06-16,dine,5
672,2027-06-17,mist,5
673,2027-06-18,babe,6
674,2027-06-19,figs,5
675,2027-06-20,miso,6
676,2027-06-21,rash,5
677,2027-06-22,ding,6
678,2027-06-23,form,5
679,2027-06-24,miss,5
680,2027-06-25,gate,6
681,2027-06-26,aunt,6
682,2027-06-27,over,9
683,2027-06-28,bite,5
684,2027-06-29,jury,6
685,2027-06-30,oven,9
686,2027-07-01,pays,5
687,2027-07-02,asks,8
688,2027-07-03,bred,5
689,2027-07-04,text,6
690,2027-07-05,deem,5
691,2027-07-06,defy,6
692,2027-07-07,deed,5
693,2027-07-08,kept,6
694,2027-07-09,melt,5
695,2027-07-10,tape,5
696,2027-07-11,puck,5
697,2027-07-12,zine,6
698,2027-07-13,drab,5
699,2027-07-14,gust,5
700,2027-07-15,zinc,7
701,2027-07-16,fear,5
702,2027-07-17,else,7
703,2027-07-18,feat,5
704,2027-07-19,very,7
705,2027-07-20,drag,5
706,2027-07-21,vert,6
707,2027-07-22,meme,5
708,2027-07-23,sick,5
709,2027-07-24,bade,5
710,2027-07-25,lung,6
711,2027-07-26,gave,6
712,2027-07-27,taps,5
713,2027-07-28,mite,6
714,2027-07-29,memo,6
715,2027-07-30,song,5
716,2027-07-31,kern,6
717,2027-08-01,bend,5
718,2027-08-02,made,6
719,2027-08-03,dino,6
720,2027-08-04,verb,7
721,2027-08-05,skew,5
722,2027-08-06,mitt,6
723,2027-08-07,ooze,5
724,2027-08-08,rave,6
725,2027-08-09,pubs,5
726,2027-08-10,afro,8
727,2027-08-11,vain,5
728,2027-08-12,mage,6
729,2027-08-13,veto,6
730,2027-08-14,tart,5
731,2027-08-15,eddy,8
732,2027-08-16,nuke,5
733,2027-08-17,zips,6
734,2027-08-18,vets,5
735,2027-08-19,knee,7
736,2027-08-20,tarp,5
737,2027-08-21,dips,6
738,2027-08-22,vale,5
739,2027-08-23,mend,6
740,2027-08-24,skid,5
741,2027-08-25,hide,6
742,2027-08-26,dire,5
743,2027-08-27,side,6
744,2027-08-28,bent,5
745,2027-08-29,menu,7
746,2027-08-30,magi,6
747,2027-08-31,file,5
748,2027-09-01,inks,6
749,2027-09-02,brie,5
750,2027-09-03,knew,6
751,2027-09-04,draw,5
752,2027-09-05,diss,6
753,2027-09-06,skim,5
754,2027-09-07,than,6
755,2027-09-08,skin,5
756,2027-09-09,vane,6
757,2027-09-10,dirk,5
758,2027-09-11,maid,6
759,2027-09-12,lure,5
760,2027-09-13,feet,6
761,2027-09-14,kale,5
762,2027-09-15,lute,6
763,2027-09-16,vest,5
764,2027-09-17,fine,6
765,2027-09-18,that,5
766,2027-09-19,edge,8
767,2027-09-20,sift,5
768,2027-09-21,puff,6
769,2027-09-22,mail,5
770,2027-09-23,task,6
771,2027-09-24,feel,5
772,2027-09-25,chum,8
773,2027-09-26,inns,5
774,2027-09-27,gaze,6
775,2027-09-28,thaw,5
776,2027-09-29,orca,10
777,2027-09-30,fees,5
778,2027-10-01,dirt,6
779,2027-10-02,pugs,5
780,2027-10-03,bait,6
781,2027-10-04,vans,5
782,2027-10-05,disc,7
783,2027-10-06,find,5
784,2027-10-07,dada,6
785,2027-10-08,rays,5
786,2027-10-09,true,7
787,2027-10-10,deli,5
788,2027-10-11,orcs,9
789,2027-10-12,main,5
790,2027-10-13,dish,6
791,2027-10-14,mags,5
792,2027-10-15,yule,6
793,2027-10-16,skis,5
794,2027-10-17,bail,5
795,2027-10-18,plug,5
796,2027-10-19,disk,6
797,2027-10-20,film,5
798,2027-10-21,bake,6
799,2027-10-22,wilt,5
800,2027-10-23,skit,5
801,2027-10-24,heal,6
802,2027-10-25,foxy,6
803,2027-10-26,feed,5
804,2027-10-27,mesh,6
805,2027-10-28,plum,5
806,2027-10-29,amen,10
807,2027-10-30,numb,5
808,2027-10-31,make,6
809,2027-11-01,lush,5
810,2027-11-02,heat,5
811,2027-11-03,plus,6
812,2027-11-04,seal,6
813,2027-11-05,head,5
814,2027-11-06,frat,5
815,2027-11-07,mesa,6
816,2027-11-08,gnus,8
817,2027-11-09,heap,5
818,2027-11-10,fins,6
819,2027-11-11,hear,5
820,2027-11-12,nuns,6
821,2027-11-13,diva,6
822,2027-11-14,drew,5
823,2027-11-15,keys,6
824,2027-11-16,seam,5
825,2027-11-17,merc,6
826,2027-11-18,mess,5
827,2027-11-19,knit,6
828,2027-11-20,dads,5
829,2027-11-21,bald,5
830,2027-11-22,dive,5
831,2027-11-23,ores,8
832,2027-11-24,bale,5
833,2027-11-25,edgy,7
834,2027-11-26,blah,5
835,2027-11-27,demo,7
836,2027-11-28,mere,5
837,2027-11-29,best,5
838,2027-11-30,beta,5
839,2027-12-01,mama,6
840,2027-12-02,gyno,7
841,2027-12-03,rubs,5
842,2027-12-04,they,7
843,2027-12-05,deny,6
844,2027-12-06,noel,6
845,2027-12-07,glue,5
846,2027-12-08,vase,6
847,2027-12-09,ruby,6
848,2027-12-10,fire,5
849,2027-12-11,daft,6
850,2027-12-12,dent,6
851,2027-12-13,glug,5
852,2027-12-14,vary,7
853,2027-12-15,balm,5
854,2027-12-16,firm,6
855,2027-12-17,meta,6
856,2027-12-18,seas,6
857,2027-12-19,pyro,5
858,2027-12-20,rude,6
859,2027-12-21,seat,5
860,2027-12-22,meth,6
861,2027-12-23,fray,5
862,2027-12-24,sear,5
863,2027-12-25,thee,7
864,2027-12-26,node,5
865,2027-12-27,bang,5
866,2027-12-28,taxi,8
867,2027-12-29,bane,5
868,2027-12-30,gyms,6
869,2027-12-31,curt,5
870,2028-01-01,them,7
871,2028-01-02,band,5
872,2028-01-03,kart,6
873,2028-01-04,male,5
874,2028-01-05,curb,6
875,2028-01-06,curl,5
876,2028-01-07,malt,5
877,2028-01-08,then,6
878,2028-01-09,hike,5
879,2028-01-10,fact,6
880,2028-01-11,cure,5
881,2028-01-12,amid,7
882,2028-01-13,fist,5
883,2028-01-14,lone,5
884,2028-01-15,heel,5
885,2028-01-16,fret,6
886,2028-01-17,jigs,5
887,2028-01-18,scan,6
888,2028-01-19,rugs,5
889,2028-01-20,fade,6
890,2028-01-21,smug,5
891,2028-01-22,bans,5
892,2028-01-23,free,5
893,2028-01-24,fell,5
894,2028-01-25,cusp,6
895,2028-01-26,seed,5
896,2028-01-27,mana,7
897,2028-01-28,mews,5
898,2028-01-29,smut,6
899,2028-01-30,ruse,5
900,2028-01-31,knob,5
901,2028-02-01,secs,6
902,2028-02-02,scam,5
903,2028-02-03,mane,6
904,2028-02-04,seer,5
905,2028-02-05,ruff,6
906,2028-02-06,glut,5
907,2028-02-07,seem,5
908,2028-02-08,sect,6
909,2028-02-09,seen,5
910,2028-02-10,open,8
911,2028-02-11,seek,5
912,2028-02-12,fish,6
913,2028-02-13,long,5
914,2028-02-14,many,7
915,2028-02-15,stag,5
916,2028-02-16,face,6
917,2028-02-17,vast,5
918,2028-02-18,zero,7
919,2028-02-19,stab,5
920,2028-02-20,desk,6
921,2028-02-21,khan,5
922,2028-02-22,tuck,5
923,2028-02-23,stat,5
924,2028-02-24,five,6
925,2028-02-25,silk,5
926,2028-02-26,kava,7
927,2028-02-27,star,5
928,2028-02-28,tube,6
929,2028-02-29,silt,5
930,2028-03-01,ruin,6
931,2028-03-02,josh,5
932,2028-03-03,sine,6
933,2028-03-04,cute,5
934,2028-03-05,punt,6
935,2028-03-06,silo,5
936,2028-03-07,sink,6
937,2028-03-08,stay,5
938,2028-03-09,twig,7
939,2028-03-10,jean,5
940,2028-03-11,sing,6
941,2028-03-12,hint,5
942,2028-03-13,aide,6
943,2028-03-14,sees,5
944,2028-03-15,mash,6
945,2028-03-16,gyro,6
946,2028-03-17,knot,5
947,2028-03-18,this,6
948,2028-03-19,wick,5
949,2028-03-20,twin,6
950,2028-03-21,bark,5
951,2028-03-22,mask,6
952,2028-03-23,fend,5
953,2028-03-24,idea,8
954,2028-03-25,oaks,6
955,2028-03-26,dale,5
956,2028-03-27,tuba,6
957,2028-03-28,hire,6
958,2028-03-29,fits,5
959,2028-03-30,lord,5
960,2028-03-31,nuts,5
961,2028-04-01,dang,6
962,2028-04-02,scat,5
963,2028-04-03,mast,5
964,2028-04-04,felt,5
965,2028-04-05,ones,8
966,2028-04-06,scar,5
967,2028-04-07,mark,6
968,2028-04-08,punk,5
969,2028-04-09,mart,6
970,2028-04-10,know,5
971,2028-04-11,mars,6
972,2028-04-12,aids,5
973,2028-04-13,wide,6
974,2028-04-14,bare,5
975,2028-04-15,akin,6
976,2028-04-16,maps,5
977,2028-04-17,axel,8
978,2028-04-18,bard,5
979,2028-04-19,dams,5
980,2028-04-20,barb,5
981,2028-04-21,baud,6
982,2028-04-22,tubs,5
983,2028-04-23,guns,6
984,2028-04-24,puny,5
985,2028-04-25,pups,5
986,2028-04-26,poem,5
987,2028-04-27,sack,5
988,2028-04-28,sins,5
989,2028-04-29,sacs,6
990,2028-04-30,wont,5
991,2028-05-01,none,5
992,2028-05-02,lice,5
993,2028-05-03,rung,6
994,2028-05-04,thin,5
995,2028-05-05,fern,6
996,2028-05-06,mare,5
997,2028-05-07,hell,5
998,2028-05-08,heir,6
999,2028-05-09,oats,5
1000,2028-05-10,damn,5
1001,2028-05-11,tsar,6
1002,2028-05-12,bars,5
1003,2028-05-13,jeez,6
1004,2028-05-14,rune,6
1005,2028-05-15,lies,5
1006,2028-05-16,type,6
1007,2028-05-17,bash,5
1008,2028-05-18,mate,6
1009,2028-05-19,lieu,5
1010,2028-05-20,math,6
1011,2028-05-21,stem,5
1012,2028-05-22,amps,9
1013,2028-05-23,base,5
1014,2028-05-24,ides,8
1015,2028-05-25,mass,5
1016,2028-05-26,tuff,6
1017,2028-05-27,wort,5
1018,2028-05-28,rule,5
1019,2028-05-29,wife,6
1020,2028-05-30,hips,5
1021,2028-05-31,worm,5
1022,2028-06-01,life,5
1023,2028-06-02,axes,8
1024,2028-06-03,zest,5
1025,2028-06-04,ages,8
1026,2028-06-05,bath,5
1027,2028-06-06,yolk,6
1028,2028-06-07,lids,5
1029,2028-06-08,nick,5
1030,2028-06-09,czar,5
1031,2028-06-10,weak,6
1032,2028-06-11,stew,5
1033,2028-06-12,rode,5
1034,2028-06-13,lied,5
1035,2028-06-14,dart,6
1036,2028-06-15,sips,5
1037,2028-06-16,hive,6
1038,2028-06-17,fair,5
1039,2028-06-18,love,5
1040,2028-06-19,hiss,5
1041,2028-06-20,aged,7
1042,2028-06-21,maul,5
1043,2028-06-22,putt,6
1044,2028-06-23,sire,5
1045,2028-06-24,site,6
1046,2028-06-25,wigs,5
1047,2028-06-26,typo,7
1048,2028-06-27,helm,5
1049,2028-06-28,fizz,9
1050,2028-06-29,mats,5
1051,2028-06-30,spas,6
1052,2028-07-01,gums,5
1053,2028-07-02,jinx,7
1054,2028-07-03,push,5
1055,2028-07-04,robe,5
1056,2028-07-05,fest,5
1057,2028-07-06,span,6
1058,2028-07-07,leak,5
1059,2028-07-08,stir,6
1060,2028-07-09,leap,5
1061,2028-07-10,fake,6
1062,2028-07-11,wear,5
1063,2028-07-12,self,6
1064,2028-07-13,tyre,5
1065,2028-07-14,spat,5
1066,2028-07-15,darn,5
1067,2028-07-16,nice,6
1068,2028-07-17,help,5
1069,2028-07-18,only,7
1070,2028-07-19,puts,5
1071,2028-07-20,mayo,7
1072,2028-07-21,hits,5
1073,2028-07-22,dash,6
1074,2028-07-23,spar,5
1075,2028-07-24,fang,6
1076,2028-07-25,dark,5
1077,2028-07-26,drug,6
1078,2028-07-27,runs,5
1079,2028-07-28,saga,6
1080,2028-07-29,spam,5
1081,2028-07-30,maze,6
1082,2028-07-31,sits,5
1083,2028-08-01,send,6
1084,2028-08-02,dare,5
1085,2028-08-03,feud,6
1086,2028-08-04,leaf,5
1087,2028-08-05,oars,6
1088,2028-08-06,sell,5
1089,2028-08-07,data,6
1090,2028-08-08,lead,5
1091,2028-08-09,webs,6
1092,2028-08-10,drum,5
1093,2028-08-11,fame,5
1094,2028-08-12,sped,5
1095,2028-08-13,goes,5
1096,2028-08-14,sage,5
1097,2028-08-15,aver,9
1098,2028-08-16,norm,5
1099,2028-08-17,leek,5
1100,2028-08-18,sent,6
1101,2028-08-19,spec,6
1102,2028-08-20,axis,9
1103,2028-08-21,hens,5
1104,2028-08-22,hair,6
1105,2028-08-23,safe,5
1106,2028-08-24,aims,6
1107,2028-08-25,date,5
1108,2028-08-26,pond,5
1109,2028-08-27,like,5
1110,2028-08-28,urea,9
1111,2028-08-29,flea,5
1112,2028-08-30,tuna,6
1113,2028-08-31,leer,5
1114,2028-09-01,jade,6
1115,2028-09-02,weed,5
1116,2028-09-03,hers,6
1117,2028-09-04,rust,5
1118,2028-09-05,herb,6
1119,2028-09-06,lees,5
1120,2028-09-07,note,5
1121,2028-09-08,herd,5
1122,2028-09-09,gush,6
1123,2028-09-10,guts,5
1124,2028-09-11,lily,6
1125,2028-09-12,said,5
1126,2028-09-13,sail,5
1127,2028-09-14,here,5
1128,2028-09-15,oath,6
1129,2028-09-16,dyed,5
1130,2028-09-17,hero,6
1131,2028-09-18,line,5
1132,2028-09-19,jack,5
1133,2028-09-20,week,5
1134,2028-09-21,rush,6
1135,2028-09-22,link,5
1136,2028-09-23,hail,5
