word,par
abed,7
abet,8
abut,9
aced,7
acer,8
aces,8
acid,7
acts,8
adds,6
aeon,5
aero,7
afro,8
aged,7
agee,8
ages,8
agro,8
ague,9
ahem,8
aide,6
aids,5
ails,6
aims,6
airs,6
airy,7
akin,6
alas,8
alba,9
albs,8
ales,8
alga,10
alms,7
aloe,4
alps,8
alum,5
amen,10
amid,7
amps,9
ands,6
anew,7
anon,6
ante,8
anti,8
ants,7
anus,7
aped,6
apes,7
apex,7
apps,8
apts,7
arch,9
arcs,8
area,8
argh,10
aria,7
arid,6
arks,7
arms,7
army,8
arts,8
asks,8
asps,9
atom,5
atop,4
augh,11
aunt,6
aver,9
aves,8
avid,7
away,6
awed,7
awes,8
awls,7
awns,8
awry,7
axed,7
axel,8
axes,8
axis,9
axon,6
baas,4
babe,6
baby,7
back,4
bade,5
bags,4
baht,6
bail,5
bait,6
bake,6
bald,5
bale,5
balk,5
ball,4
balm,5
band,5
bane,5
bang,5
bank,4
bans,5
barb,5
bard,5
bare,5
barf,5
bark,5
barn,4
bars,5
base,5
bash,5
bask,5
bass,4
bast,5
bath,5
bats,4
baud,6
bawl,5
bays,4
bead,5
beak,5
beam,5
bean,5
bear,4
beat,4
beau,5
beck,4
beds,4
beef,5
been,5
beep,4
beer,5
bees,5
beet,5
begs,4
bell,4
belt,4
bend,5
bent,5
berg,6
berm,6
best,5
beta,5
bets,4
bevy,9
bias,4
bibs,4
bide,5
bids,4
bier,6
bike,5
bile,5
bilk,5
bill,4
bind,5
bins,5
bird,6
bite,5
bits,4
blab,4
blah,5
blam,5
blat,4
bled,4
blew,4
blin,5
blip,4
blob,3
bloc,4
blog,4
blot,3
blow,3
blue,5
blur,5
boar,3
boas,3
boat,3
boba,4
bobo,4
bobs,3
bock,3
bode,4
bods,3
body,4
bogs,3
boil,4
bola,4
bold,4
boll,3
bolo,4
bolt,3
bomb,3
bond,4
bone,4
bong,4
bonk,3
bony,4
boob,2
book,2
boom,2
boon,2
boop,1
boor,2
boos,2
boot,2
bops,3
bora,4
bore,4
born,3
boss,3
both,4
bots,3
bout,3
bowl,4
bows,3
boxy,5
boys,3
bozo,5
brag,5
bran,5
bras,4
brat,4
bray,5
bred,5
brew,4
brie,5
brig,4
brim,4
bris,4
bros,3
brow,3
brut,4
bubo,5
bubs,4
buck,4
buds,4
buff,6
bugs,4
bulb,5
bulk,5
bull,4
bump,3
bums,4
bung,5
bunk,4
buns,5
bunt,5
buoy,6
burb,5
burg,5
burl,5
burn,4
burp,4
burr,5
burs,5
bury,5
bush,6
busk,5
bust,5
busy,6
buts,4
butt,5
buys,4
buzz,9
byes,6
byte,6
cabs,4
caca,5
cads,4
cafe,5
cage,5
cake,5
calf,5
call,4
calm,5
came,4
cami,4
camo,4
camp,3
cams,4
cane,5
cans,4
cant,5
cape,5
capo,5
caps,4
carb,5
card,5
care,5
carp,4
cars,5
cart,5
case,5
cash,5
cask,5
cast,4
cats,4
cave,5
caws,4
cede,5
cell,5
cent,6
chai,4
chap,3
char,4
chat,4
chaw,4
chef,5
chew,4
chia,4
chic,4
chin,4
chip,3
chit,4
chop,2
chow,3
chub,7
chug,8
chum,8
ciel,6
cigs,4
cite,5
city,6
clad,4
clam,4
clan,4
clap,3
claw,4
clay,4
clef,6
clip,3
clit,4
clod,3
clog,3
clop,2
clot,3
cloy,3
club,6
clue,5
coal,3
coat,3
coax,4
cobs,3
coca,4
cock,3
coda,4
code,4
cods,3
coed,4
cogs,3
coif,4
coil,3
coin,4
coke,4
cola,4
cold,4
cole,4
colt,3
coma,3
comb,3
come,3
comp,2
cone,4
conk,3
conn,4
cons,3
cook,2
cool,2
coop,1
coos,2
coot,2
cope,4
cops,3
copy,4
cord,4
core,4
cork,3
corn,4
cosh,4
cost,3
cosy,4
cote,4
cots,3
coup,2
cove,4
cowl,3
cows,3
cozy,5
crab,4
crag,4
cram,4
crap,3
craw,4
cray,4
cred,5
crew,4
crib,5
croc,3
crop,2
crow,3
crud,6
crux,7
cube,5
cubs,4
cued,5
cues,5
cuff,6
cull,4
cult,4
cums,5
cups,4
curb,6
curd,5
cure,5
curl,5
curs,5
curt,5
cusp,6
cuss,5
cute,5
cuts,4
cyan,5
cyst,4
czar,5
dabs,5
dada,6
dads,5
daft,6
dais,6
dale,5
dame,4
damn,5
damp,4
dams,5
dang,6
dank,5
daps,5
dare,5
dark,5
darn,5
dart,6
dash,6
data,6
date,5
dawn,5
days,5
daze,5
dead,6
deaf,6
deal,5
dean,5
dear,5
debe,7
debt,6
deck,5
deco,6
deed,5
deem,5
deep,4
deer,4
deft,5
defy,6
deli,5
dell,4
delt,5
demo,7
dens,5
dent,6
deny,6
desk,6
deus,6
devs,6
dews,6
dewy,7
dial,5
dibs,5
dice,5
dick,5
died,5
dies,5
diet,6
digs,5
dike,5
dill,4
dime,4
dims,5
dine,5
ding,6
dink,6
dino,6
dint,6
dips,6
dire,5
dirk,5
dirt,6
disc,7
dish,6
disk,6
diss,6
ditz,8
diva,6
dive,5
dock,4
docs,5
dodo,8
doer,3
does,4
doge,4
dogs,4
dojo,7
dole,4
doll,3
dolt,4
dome,3
doms,4
done,4
dong,5
dons,4
doom,3
door,2
dope,4
dork,4
dorm,4
dory,5
dose,4
dosh,5
dote,4
dots,4
dour,3
dove,4
down,4
doze,4
drab,5
drag,5
dram,4
drat,5
draw,5
dreg,6
drew,5
drip,3
drop,2
drug,6
drum,5
drys,6
dual,5
dubs,5
duck,5
duct,6
dude,6
duds,5
duel,5
dues,5
duet,6
duke,5
dull,4
duly,5
dumb,4
dump,3
dune,5
dung,6
dunk,5
duos,6
dupe,5
dusk,6
dust,5
duty,6
dyad,6
dyed,5
dyer,4
dyes,5
dyne,5
each,8
earl,6
earn,5
ears,5
ease,6
east,5
easy,6
eats,5
eaux,7
eave,6
eddy,8
edge,8
edgy,7
eels,6
eggs,5
eggy,6
egos,4
eked,7
ekes,7
elan,4
elfs,9
elks,9
elms,8
elmy,9
else,7
emos,4
emus,5
ends,7
eons,4
eras,4
ergo,5
ergs,4
eros,3
errs,4
erst,6
etas,5
etch,9
even,8
ever,8
eves,7
ewer,8
ewes,7
exec,8
exes,7
eyed,6
eyes,6
face,6
fact,6
fade,6
fads,5
fail,4
fain,5
fair,5
fake,6
fall,4
fame,5
fang,6
fans,5
fare,5
farm,6
fart,5
fast,5
fate,6
fats,5
faux,6
fava,7
fave,6
fawn,6
faze,6
fear,5
feat,5
feck,5
feed,5
feel,5
fees,5
feet,6
fell,5
felt,5
fems,6
fend,5
fens,6
fern,6
fess,6
fest,5
feta,6
fete,7
feud,6
fiat,5
fibs,5
fife,6
figs,5
file,5
fill,4
film,5
find,5
fine,6
fink,6
fins,6
fire,5
firm,6
firs,6
fish,6
fist,5
fits,5
five,6
fizz,9
flab,4
flag,4
flak,4
flan,4
flap,3
flat,4
flaw,4
flax,4
flay,4
flea,5
fled,4
flee,4
flew,4
flex,5
flip,3
flit,4
floe,3
flog,3
flop,2
flow,3
flub,5
flue,4
flux,5
foal,3
foam,4
fobs,4
foci,5
foes,5
fogs,4
foil,3
fold,4
folk,5
fond,4
font,4
food,3
fool,2
foot,3
fops,4
fora,5
ford,4
fore,4
fork,4
form,5
fort,4
foul,3
four,3
fowl,3
foxy,6
frag,4
frat,5
fray,5
free,5
fret,6
frog,3
from,3
fuel,5
full,4
fume,6
fund,5
funk,5
funs,6
furl,5
furs,6
fury,6
fuse,6
fuss,6
fuze,7
fuzz,8
gabs,5
gaff,6
gaga,6
gage,6
gags,5
gain,5
gait,6
gala,5
gale,5
gall,4
gals,5
game,5
gams,5
gang,6
gant,6
gaol,5
gape,6
gaps,5
garb,6
gars,6
gash,6
gasp,5
gate,6
gave,6
gawk,6
gays,5
gaze,6
gear,5
geek,5
gees,5
geez,6
geld,4
gels,5
gems,6
gene,6
gens,6
germ,6
gets,5
ghee,6
gibs,5
gifs,6
gift,5
giga,6
gigs,5
gild,4
gill,4
gilt,5
gins,6
gird,5
girl,5
gist,5
give,6
glad,4
glam,4
glee,5
glen,6
glib,4
glob,3
glom,3
glop,2
glow,3
glue,5
glug,5
glum,4
glut,5
gnat,5
gnaw,6
gnus,8
goad,3
goal,4
goat,4
gobs,4
gods,4
goer,4
goes,5
gold,3
golf,3
gone,5
gong,5
good,2
goof,2
goon,2
goop,1
gore,4
gory,5
gosh,5
goss,4
goth,5
gout,4
gown,3
grab,5
grad,4
gram,4
gran,5
gray,5
grew,4
grey,4
grid,5
grim,4
grin,5
grip,4
grit,5
grog,3
grok,4
grow,3
grub,6
guff,5
gulf,4
gull,4
gulp,4
gums,5
gunk,5
guns,6
gush,6
gust,5
guts,5
guys,5
gyms,6
gyno,7
gyre,5
gyro,6
hack,4
haft,5
hags,5
hail,5
hair,6
hale,5
half,5
hall,4
halo,5
halt,4
hams,5
hand,5
hang,5
hank,4
haps,5
hard,6
hare,5
hark,5
harm,6
harp,5
hart,5
hash,6
hasp,5
hate,6
hats,5
haul,5
have,6
hawk,5
haws,5
haze,6
hazy,7
head,5
heal,6
heap,5
hear,5
heat,5
heck,4
heed,4
heel,5
heft,5
heir,6
held,4
hell,5
helm,5
help,5
heme,4
hemp,4
hems,5
hens,5
herb,6
herd,5
here,5
hero,6
hers,6
hest,4
hewn,6
hews,6
heys,6
hick,4
hide,6
hike,5
hill,4
hilt,4
hint,5
hips,5
hire,6
hiss,5
hits,5
hive,6
hoar,4
hoax,5
hobs,4
hock,3
hoed,3
hoer,4
hoes,4
hogs,4
hold,3
hole,4
holm,4
holt,3
holy,4
home,3
homo,4
hone,4
honk,3
hons,4
hood,2
hoof,2
hook,2
hoop,1
hoot,2
hope,4
hops,4
horn,4
hose,4
hoss,4
host,3
hots,4
hour,3
howl,4
hubs,5
huck,4
hued,4
hues,5
huff,6
huge,6
hugs,5
hula,5
hulk,5
hull,4
hump,3
hums,4
hung,5
hunk,4
hunt,5
hurl,5
hurt,6
hush,6
husk,5
huts,5
hype,5
iamb,6
ibis,6
iced,8
icer,9
ices,9
icky,8
idea,8
idem,7
ides,8
imps,10
inch,11
inks,6
inky,7
inns,5
ions,4
iris,5
irks,6
itch,10
item,6
jabs,5
jack,5
jade,6
jags,5
jail,5
jamb,6
jams,5
jape,6
jarl,6
jars,6
java,7
jaws,5
jays,5
jazz,8
jean,5
jeer,5
jeez,6
jerk,6
jess,5
jest,5
jets,5
jibe,7
jiff,7
jigs,5
jinx,7
jive,6
jizz,9
jobs,4
jock,4
jogs,4
join,4
joke,4
jolt,4
josh,5
joss,4
jots,4
jowl,4
joys,4
jugs,5
juke,5
jump,3
junk,5
jure,5
jury,6
just,5
juts,5
kaka,8
kale,5
kana,8
kart,6
kata,7
kava,7
keel,5
keen,5
keep,4
kegs,5
kelp,5
kemp,5
kept,6
kerb,7
kern,6
keto,7
keys,6
khan,5
kick,5
kids,5
kill,4
kiln,5
kilo,5
kilt,5
kind,6
kine,6
king,7
kink,6
kins,6
kiss,6
kite,6
kits,5
knap,5
knee,7
knew,6
knit,6
knob,5
knot,5
know,5
koan,4
kook,3
labs,5
lace,5
lack,4
lacy,5
lads,5
lady,6
lags,5
laid,5
lain,4
lair,5
lake,6
lama,5
lamb,5
lame,5
lamp,4
land,6
lane,6
lank,5
laps,5
lard,6
lark,5
lash,5
lass,5
last,4
late,6
lats,5
laud,5
lava,6
lave,6
lawn,5
laws,5
lays,5
laze,6
lazy,6
lead,5
leaf,5
leak,5
leam,4
lean,4
leap,5
leek,5
leer,5
lees,5
left,4
legs,5
lend,6
lens,6
lent,5
lept,5
less,5
lest,4
lets,5
leva,7
levy,8
lewd,6
libs,5
lice,5
lich,5
lick,4
lids,5
lied,5
lien,4
lies,5
lieu,5
life,5
lift,4
like,5
lilt,5
lily,6
lima,4
limb,4
lime,4
limn,4
limo,4
limp,3
line,5
link,5
lint,5
lion,3
lipa,5
lipo,5
lips,5
lira,5
lire,5
lisp,4
list,4
lite,5
live,5
load,4
loaf,4
loam,3
loan,3
lobe,5
lobs,4
loch,4
loci,4
lock,3
loco,4
lode,5
loft,3
logo,5
logs,4
loin,3
loll,3
lone,5
long,5
look,2
loom,2
loon,2
loop,1
loot,2
lope,4
lops,4
lord,5
lore,4
lose,4
loss,4
lost,3
loth,5
lots,4
loud,4
lour,3
lout,3
love,5
lows,4
lube,6
luck,4
luff,6
luge,6
lugs,5
lull,4
luma,4
lump,3
lune,6
lung,6
lure,5
lurk,5
lush,5
lust,4
lute,6
lyes,6
lyre,5
lyse,5
mace,6
mach,7
made,6
mage,6
magi,6
mags,5
maid,6
mail,5
maim,6
main,5
make,6
mako,7
male,5
mall,4
malt,5
mama,6
mana,7
mane,6
mano,6
many,7
maps,5
mare,5
mark,6
mars,6
mart,6
mash,6
mask,6
mass,5
mast,5
mate,6
math,6
mats,5
maul,5
maws,5
maxi,7
mayo,7
maze,6
mazy,7
mead,6
meal,6
mean,5
meat,5
mech,7
meds,5
meek,5
meet,6
mega,7
meld,5
melt,5
meme,5
memo,6
mend,6
menu,7
merc,6
mere,5
mesa,6
mesh,6
mess,5
meta,6
mete,6
meth,6
mews,5
mica,7
mice,6
mics,6
midi,7
mien,5
mike,5
mild,5
mile,5
milk,5
mill,4
mime,5
mind,6
mine,6
mini,6
mink,5
mint,6
minx,6
mire,5
miso,6
miss,5
mist,5
mite,6
mitt,6
moai,5
moan,4
moat,4
mobs,4
mock,4
mode,5
mods,4
mojo,6
mold,4
mole,4
molt,4
moms,4
monk,4
mono,5
mons,4
mood,3
mook,3
moon,3
moor,2
moos,3
moot,3
mope,4
mops,4
more,4
morn,4
mosh,5
moss,4
most,4
mote,5
moth,5
move,5
mown,4
mows,4
much,6
muck,5
muds,5
muff,6
mugs,5
mule,5
mull,4
mums,5
muon,4
muse,6
mush,6
musk,6
muss,5
must,5
mute,6
mutt,6
myth,6
nabs,5
nada,7
naes,6
naff,7
nags,5
nail,5
name,5
nana,8
nano,7
nape,5
naps,5
narc,8
nary,7
nave,6
navy,7
nays,5
neap,6
near,5
neat,5
neck,5
need,5
neon,4
nerd,6
nest,5
nets,5
news,6
newt,6
next,6
nibs,5
nice,6
nick,5
nils,6
nine,6
nips,6
nits,5
nobs,4
nock,4
node,5
nods,4
noel,6
noes,5
none,5
noob,3
nook,3
noon,3
nope,4
norm,5
nose,4
nosh,5
nosy,5
note,5
noun,4
nubs,5
nude,6
nuke,5
null,4
numb,5
nuns,6
nuts,5
oafs,6
oaks,6
oaky,7
oars,6
oath,6
oats,5
odds,7
odes,8
offs,7
oils,7
oily,6
oink,6
omen,9
ones,8
only,7
onus,8
oohs,5
oops,4
ooze,5
oozy,6
open,8
opes,7
opts,6
opus,7
orbs,9
orca,10
orcs,9
ores,8
ouch,7
ours,6
oust,5
outs,5
oven,9
over,9
owed,8
ower,9
owes,8
owls,8
owly,7
owns,9
oxen,9
oxer,10
pace,5
pack,5
pact,6
pads,5
page,5
paid,5
pail,4
pain,5
pair,5
pale,4
pali,4
pall,3
palm,4
pals,4
pane,5
pang,6
pans,5
pant,6
papa,5
paps,5
pare,4
park,5
parp,5
pars,5
part,5
pass,5
past,5
pate,5
path,6
pats,5
pave,5
pawn,6
paws,5
pays,5
peak,5
peal,5
pear,5
peas,5
peat,4
peck,5
pecs,5
peed,4
peek,4
peel,4
peen,4
peep,3
peer,4
pees,4
pegs,5
pelt,5
pend,5
pens,5
pent,5
peon,5
peps,5
perk,5
perm,5
perp,4
pert,5
peso,6
pest,5
pets,5
pews,5
phat,4
phew,5
phis,7
phon,5
pick,5
pics,6
pied,4
pier,5
pies,5
pigs,5
pike,4
pile,4
pill,3
pimp,2
pina,6
pine,5
ping,6
pink,6
pins,5
pint,6
pion,4
pipe,4
pips,5
pish,5
piss,6
pita,6
pith,6
pits,5
pity,6
plan,3
plap,2
plat,3
play,3
plea,4
pled,3
plod,2
plop,1
plot,2
plow,2
ploy,2
plug,5
plum,5
plus,6
pock,4
poco,4
pods,4
poem,5
poet,4
pogo,4
poke,3
pole,3
poll,2
polo,3
poly,3
pome,2
pomp,1
pond,5
pong,5
pons,4
pony,4
poof,1
pool,1
poop,0
poor,1
pope,3
pops,4
pore,3
pork,4
porn,4
port,4
pose,3
posh,4
post,4
posy,4
pots,4
pour,2
pout,3
pram,3
prat,4
pray,4
prep,2
prey,3
prez,3
prig,3
prim,3
prod,2
prof,2
prog,2
prom,2
prop,1
pros,2
prow,2
psis,8
pube,5
pubs,5
puce,5
puck,5
puff,6
pugs,5
puja,4
puke,4
pula,4
pull,3
pulp,3
puma,3
pump,2
punk,5
puns,5
punt,6
puny,5
pupa,4
pups,5
pure,4
purl,4
purr,5
push,5
puss,6
puts,5
putt,6
putz,6
pyre,4
pyro,5
quad,8
quay,9
quid,7
quip,7
quit,6
quiz,7
race,6
rack,5
racy,6
rads,5
raff,7
raft,6
rage,6
rags,5
ragu,6
raid,5
rail,5
rain,5
rake,6
rami,4
ramp,3
rams,4
rand,6
rang,6
rank,5
rant,6
raps,5
rapt,6
rare,5
rase,5
rash,5
rasp,4
rate,6
rats,5
rave,6
raws,5
rays,5
raze,6
razz,7
read,5
real,6
ream,5
reap,6
rear,5
recs,6
redo,6
reds,5
reed,5
reef,6
reek,5
reel,5
refs,6
regs,5
rein,6
reno,7
rent,6
repo,7
reps,6
rest,5
revs,6
rhea,7
riad,5
rial,5
ribs,5
rice,6
rich,6
ride,6
rids,5
riel,5
rife,6
riff,6
rift,5
rigs,5
rile,5
rill,4
rima,5
rime,5
rims,5
rind,6
ring,7
rink,6
riot,4
ripe,5
rips,6
rise,5
risk,6
rite,6
ritz,7
road,4
roam,4
roan,4
roar,4
robe,5
robs,4
rock,4
rocs,5
rode,5
rods,4
roes,5
roid,4
roil,4
role,4
roll,3
romp,2
rood,3
roof,2
rook,3
room,3
root,3
rope,4
ropy,5
rose,4
rosy,5
rote,5
rots,4
rout,4
roux,5
rove,5
rows,4
rube,6
rubs,5
ruby,6
rude,6
rued,5
rues,5
ruff,6
rugs,5
ruin,6
rule,5
rump,3
rums,4
rune,6
rung,6
runs,5
runt,6
ruse,5
rush,6
rusk,6
rust,5
ruth,6
ruts,5
sack,5
sacs,6
sads,5
safe,5
saga,6
sage,5
sags,5
said,5
sail,5
sake,5
sale,5
salt,5
same,4
sand,6
sane,5
sang,6
sank,5
sans,5
saps,5
sari,7
sars,6
sash,6
sass,5
sate,5
save,5
sawn,5
saws,5
says,5
scab,5
scad,6
scag,5
scam,5
scan,6
scar,5
scat,5
scow,4
scum,6
seal,6
seam,5
sear,5
seas,6
seat,5
secs,6
sect,6
seed,5
seek,5
seem,5
seen,5
seep,4
seer,5
sees,5
self,6
sell,5
send,6
sent,6
sera,6
sere,5
serf,6
sesh,7
sets,5
sewn,5
sews,5
shag,5
shah,6
sham,5
shat,5
shaw,5
shea,6
shed,5
shes,6
shim,5
shin,5
ship,4
shit,5
shiv,5
shod,4
shoe,4
shoo,4
shop,3
shot,4
show,4
shun,6
shut,5
sick,5
sics,6
side,6
sift,5
silk,5
sill,4
silo,5
silt,5
simp,3
sine,6
sing,6
sink,6
sins,5
sips,5
sire,5
sirs,6
site,6
sits,5
size,6
skew,5
skid,5
skim,5
skin,5
skip,4
skis,5
skit,5
slab,4
slag,4
slam,4
slap,3
slat,4
slaw,4
slay,4
sled,4
slew,4
slid,4
slim,4
slip,3
slit,4
slob,3
sloe,3
slog,3
slop,2
slot,3
slow,3
slug,4
slum,5
slur,4
smog,4
smug,5
smut,6
snag,5
snap,4
snip,4
snit,5
snob,4
snog,4
snot,4
snow,4
snub,5
snug,5
soak,5
soap,4
soar,4
soba,5
sobs,4
sock,4
soda,5
sods,4
sofa,5
soft,4
sogs,4
soil,4
sold,4
sole,4
solo,4
sols,5
soma,4
some,3
song,5
sons,4
soon,3
soot,3
sops,4
sore,4
sort,4
soul,4
soup,3
sour,3
sown,4
sows,4
spam,5
span,6
spar,5
spas,6
spat,5
spay,5
spec,6
sped,5
spew,5
spin,6
spit,5
spot,4
spud,5
spun,5
spur,4
stab,5
stag,5
star,5
stat,5
stay,5
stem,5
step,4
stet,5
stew,5
stim,5
stir,6
stop,3
stow,4
stub,6
stud,6
stun,6
subs,5
such,6
suck,5
suds,5
sued,5
sues,5
suet,6
suit,5
sulk,6
sumo,4
sump,3
sums,4
sung,6
sunk,5
suns,5
sups,5
sure,5
surf,6
suss,5
swab,5
swag,5
swam,5
swan,5
swap,4
swat,5
sway,5
swig,6
swim,5
swum,6
tabs,5
tack,5
taco,6
tact,6
tags,5
tail,4
take,5
talc,5
tale,5
talk,5
tall,4
tame,4
tamp,4
tang,6
tank,5
tans,5
tape,5
taps,5
tare,5
tarp,5
tars,6
tart,5
task,6
tats,5
taut,5
taxa,9
taxi,8
teak,6
teal,5
team,5
tear,5
teas,6
teat,5
tech,8
teed,5
teem,6
teen,5
tees,5
tell,4
temp,5
tend,6
tens,5
tent,6
term,6
tern,5
test,5
text,6
than,6
that,5
thaw,5
thee,7
them,7
then,6
they,7
thin,5
this,6
thud,8
thug,8
thus,7
tick,5
tics,6
tide,5
tidy,6
tied,5
tier,6
ties,6
tiff,7
tile,5
till,4
tilt,5
time,4
tine,5
ting,6
tink,5
tins,5
tint,6
tiny,6
tips,5
tire,5
tits,5
toad,4
tock,4
toed,4
toes,5
toil,3
toke,4
told,4
tole,4
toll,3
tomb,4
tome,3
toms,4
tone,4
tong,5
tonk,4
tons,4
took,3
tool,2
toon,3
toot,3
tops,4
tore,4
tori,5
torn,4
torr,4
tort,4
tosh,5
toss,4
tote,4
tots,4
tour,3
tout,4
town,4
tows,4
toys,4
trad,4
tram,4
trap,4
tray,5
tree,6
trek,7
trim,4
trio,5
trip,4
trod,3
trot,4
true,7
tsar,6
tuba,6
tube,6
tubs,5
tuck,5
tuff,6
tuft,7
tugs,5
tuna,6
tune,5
turd,6
turf,6
turn,5
tush,6
tusk,6
tuts,5
tutu,6
twas,7
twee,7
twig,7
twin,6
twit,7
twos,8
tyke,5
type,6
typo,7
tyre,5
umph,11
umps,10
unis,7
unit,6
urea,9
vain,5
vale,5
vamp,4
vane,6
vans,5
vary,7
vase,6
vast,5
vats,5
veal,6
veer,5
vees,5
vega,8
veil,7
vein,6
veld,5
vend,6
vent,6
vera,7
verb,7
vers,6
vert,6
very,7
vest,5
veto,6
vets,5
vial,6
vibe,6
vice,6
vids,5
vied,5
vier,6
vies,6
view,6
vile,5
vine,6
vino,7
viny,7
visa,7
vise,6
vite,6
viva,7
vive,6
vlog,4
void,5
vole,4
volt,4
vote,5
vows,4
wack,5
wade,6
wads,5
waft,6
wage,6
wags,5
waif,6
wail,5
wait,6
wake,5
wale,5
walk,5
wall,4
wand,6
wane,6
wank,5
want,6
ward,5
ware,5
warm,6
warn,5
warp,5
wars,6
wart,6
wary,6
wash,6
wasp,5
watt,7
wave,6
wavy,7
waxy,7
ways,5
weak,6
weal,6
wean,5
wear,5
webs,6
weds,5
weed,5
week,5
weep,4
wees,5
weft,5
weir,6
weld,5
well,5
welt,5
wend,6
went,6
wept,6
were,5
west,5
wets,5
wham,5
whap,4
what,5
whee,6
when,6
whet,6
whew,5
whey,6
whim,5
whip,4
whir,5
whit,5
whiz,5
whoa,7
whom,6
whys,6
wick,5
wide,6
wife,6
wigs,5
wild,5
wile,5
will,4
wilt,5
wily,5
wimp,3
wind,6
wine,6
wing,7
wink,6
wino,7
wins,6
wipe,5
wire,5
wiry,6
wise,5
wish,5
wisp,4
wist,5
with,6
wits,5
woad,4
woah,5
woes,4
woke,4
woks,4
wolf,3
womb,4
wont,5
wood,3
woof,2
wool,2
woos,3
word,4
wore,4
work,4
worm,5
worn,4
wort,5
wove,5
wows,4
wrap,4
wren,7
writ,6
wuss,6
xray,5
yaks,6
yams,5
yang,6
yank,5
yaps,5
yard,6
yarn,5
yawl,6
yawn,6
yaws,5
yeah,6
year,5
yeas,6
yell,5
yelp,6
yews,6
yips,6
yoke,4
yolk,6
yore,4
your,3
yuck,5
yule,6
yurt,6
zags,5
zany,8
zaps,5
zeal,6
zero,7
zest,5
zeta,6
zinc,7
zine,6
zing,7
zips,6
zits,5
zone,5
zonk,4
zoom,3
zoos,3
zoot,3
